{"access_token": "ya29.a0ARrdaM8qwBo7sqPNf6vm27g2pQZFYexT3qHE0CQLhmhR1Xctua_IOULQTA_2kXC2RechBgCg240unLQLj_FEYZqx0uowHE-JBIcXbGndQN2zaw3_Y3MJtzeFXdERACn40P8zjq8lezzDjzaKJnsVw-CBRazl", "client_id": "102399488065-le4u94n0mg8pi88hkfb2ohmrq7smij49.apps.googleusercontent.com", "client_secret": "aXfmnn0jzTlPubhoqzS4bdRw", "refresh_token": "1//03Wh2V5cJcAGXCgYIARAAGAMSNwF-L9IrwQkapx19anVc8FTop-S1xXdMTWDGh7EUgsIOgDkQGUFEJhbc2spKo1dZ1sEVAT9saa4", "token_expiry": "2021-07-16T09:17:38Z", "token_uri": "https://accounts.google.com/o/oauth2/token", "user_agent": null, "revoke_uri": "https://oauth2.googleapis.com/revoke", "id_token": null, "id_token_jwt": null, "token_response": {"access_token": "ya29.a0ARrdaM8qwBo7sqPNf6vm27g2pQZFYexT3qHE0CQLhmhR1Xctua_IOULQTA_2kXC2RechBgCg240unLQLj_FEYZqx0uowHE-JBIcXbGndQN2zaw3_Y3MJtzeFXdERACn40P8zjq8lezzDjzaKJnsVw-CBRazl", "expires_in": 3599, "refresh_token": "1//03Wh2V5cJcAGXCgYIARAAGAMSNwF-L9IrwQkapx19anVc8FTop-S1xXdMTWDGh7EUgsIOgDkQGUFEJhbc2spKo1dZ1sEVAT9saa4", "scope": "https://www.googleapis.com/auth/drive", "token_type": "Bearer"}, "scopes": ["https://www.googleapis.com/auth/drive"], "token_info_uri": "https://oauth2.googleapis.com/tokeninfo", "invalid": false, "_class": "OAuth2Credentials", "_module": "oauth2client.client"}